{
  "IcoMoonType": "selection",
  "icons": [
    {
      "icon": {
        "paths": [
          "M832 256l192-192-64-64-192 192h-448v-192h-128v192h-192v128h192v512h512v192h128v-192h192v-128h-192v-448zM320 320h320l-320 320v-320zM384 704l320-320v320h-320z"
        ],
        "tags": [
          "crop",
          "resize",
          "cut"
        ],
        "defaultCode": 59991,
        "grid": 16,
        "attrs": []
      },
      "attrs": [],
      "properties": {
        "ligatures": "crop, resize",
        "name": "crop",
        "order": 5,
        "id": 344,
        "prevSize": 32
      },
      "setIdx": 0,
      "setId": 1,
      "iconIdx": 343
    },
    {
      "icon": {
        "paths": [
          "M320 128h-128c-35.2 0-64 28.8-64 64v128c0 35.2 28.8 64 64 64h128c35.2 0 64-28.8 64-64v-128c0-35.2-28.8-64-64-64z",
          "M704 384h128c35.2 0 64-28.8 64-64v-128c0-35.2-28.8-64-64-64h-128c-35.2 0-64 28.8-64 64v128c0 35.2 28.8 64 64 64zM704 192h128v128h-128v-128z",
          "M320 640h-128c-35.2 0-64 28.8-64 64v128c0 35.2 28.8 64 64 64h128c35.2 0 64-28.8 64-64v-128c0-35.2-28.8-64-64-64zM320 832h-128v-128h128v128z",
          "M832 640h-128c-35.2 0-64 28.8-64 64v128c0 35.2 28.8 64 64 64h128c35.2 0 64-28.8 64-64v-128c0-35.2-28.8-64-64-64z",
          "M896 512h-64c-85.476 0-165.834-33.286-226.274-93.724-60.44-60.442-93.726-140.802-93.726-226.276v-64c0-70.4-57.6-128-128-128h-256c-70.4 0-128 57.6-128 128v256c0 70.4 57.6 128 128 128h64c85.476 0 165.834 33.286 226.274 93.724 60.44 60.442 93.726 140.802 93.726 226.276v64c0 70.4 57.6 128 128 128h256c70.4 0 128-57.6 128-128v-256c0-70.4-57.6-128-128-128zM960 896c0 16.954-6.696 32.986-18.856 45.144-12.158 12.16-28.19 18.856-45.144 18.856h-256c-16.954 0-32.986-6.696-45.144-18.856-12.16-12.158-18.856-28.19-18.856-45.144v-64c0-212.078-171.922-384-384-384h-64c-16.954 0-32.986-6.696-45.146-18.854-12.158-12.16-18.854-28.192-18.854-45.146v-256c0-16.954 6.696-32.986 18.854-45.146 12.16-12.158 28.192-18.854 45.146-18.854h256c16.954 0 32.986 6.696 45.146 18.854 12.158 12.16 18.854 28.192 18.854 45.146v64c0 212.078 171.922 384 384 384h64c16.954 0 32.986 6.696 45.144 18.856 12.16 12.158 18.856 28.19 18.856 45.144v256z"
        ],
        "tags": [
          "make-group"
        ],
        "defaultCode": 59992,
        "grid": 16,
        "attrs": []
      },
      "attrs": [],
      "properties": {
        "ligatures": "make-group",
        "name": "make-group",
        "order": 4,
        "id": 345,
        "prevSize": 32
      },
      "setIdx": 0,
      "setId": 1,
      "iconIdx": 344
    },
    {
      "icon": {
        "paths": [
          "M704 896h256l64-128v256h-384v-214.214c131.112-56.484 224-197.162 224-361.786 0-214.432-157.598-382.266-352-382.266-194.406 0-352 167.832-352 382.266 0 164.624 92.886 305.302 224 361.786v214.214h-384v-256l64 128h256v-32.59c-187.63-66.46-320-227.402-320-415.41 0-247.424 229.23-448 512-448s512 200.576 512 448c0 188.008-132.37 348.95-320 415.41v32.59z"
        ],
        "tags": [
          "omega",
          "wysiwyg",
          "symbols"
        ],
        "defaultCode": 60006,
        "grid": 16,
        "attrs": []
      },
      "attrs": [],
      "properties": {
        "ligatures": "omega, wysiwyg8",
        "name": "omega",
        "order": 3,
        "id": 359,
        "prevSize": 32
      },
      "setIdx": 0,
      "setId": 1,
      "iconIdx": 358
    }
  ],
  "height": 1024,
  "preferences": {
    "showGlyphs": true,
    "showQuickUse": true,
    "showQuickUse2": true,
    "showSVGs": true,
    "fontPref": {
      "prefix": "icon-",
      "metadata": {
        "fontFamily": "icomoon"
      },
      "metrics": {
        "emSize": 1024,
        "baseline": 6.25,
        "whitespace": 50
      },
      "embed": false
    },
    "imagePref": {
      "prefix": "icon-",
      "png": true,
      "useClassSelector": true,
      "color": 0,
      "bgColor": 16777215,
      "classSelector": ".icon",
      "name": "icomoon"
    },
    "historySize": 50,
    "showCodes": true,
    "gridSize": 16
  }
}